-- MySQL dump 10.13  Distrib 5.7.28, for Linux (x86_64)
--
-- Host: 127.0.0.1    Database: CherkasyElektroTrans
-- ------------------------------------------------------
-- Server version	5.7.27

/*!40101 SET @OLD_CHARACTER_SET_CLIENT=@@CHARACTER_SET_CLIENT */;
/*!40101 SET @OLD_CHARACTER_SET_RESULTS=@@CHARACTER_SET_RESULTS */;
/*!40101 SET @OLD_COLLATION_CONNECTION=@@COLLATION_CONNECTION */;
/*!40101 SET NAMES utf8 */;
/*!40103 SET @OLD_TIME_ZONE=@@TIME_ZONE */;
/*!40103 SET TIME_ZONE='+00:00' */;
/*!40014 SET @OLD_UNIQUE_CHECKS=@@UNIQUE_CHECKS, UNIQUE_CHECKS=0 */;
/*!40014 SET @OLD_FOREIGN_KEY_CHECKS=@@FOREIGN_KEY_CHECKS, FOREIGN_KEY_CHECKS=0 */;
/*!40101 SET @OLD_SQL_MODE=@@SQL_MODE, SQL_MODE='NO_AUTO_VALUE_ON_ZERO' */;
/*!40111 SET @OLD_SQL_NOTES=@@SQL_NOTES, SQL_NOTES=0 */;

--
-- Table structure for table `employee`
--

DROP TABLE IF EXISTS `employee`;
/*!40101 SET @saved_cs_client     = @@character_set_client */;
/*!40101 SET character_set_client = utf8 */;
CREATE TABLE `employee` (
  `employee_id` int(10) unsigned NOT NULL AUTO_INCREMENT COMMENT 'User ID',
  `employee_name` varchar(127) NOT NULL COMMENT 'Employee name',
  `employee_surname` varchar(127) NOT NULL COMMENT 'Employee surname',
  `dob` date DEFAULT NULL COMMENT 'Date of Birth',
  `position_id` int(10) unsigned DEFAULT NULL COMMENT 'Position of employee',
  `current_salary` decimal(20,6) NOT NULL COMMENT 'Current salary',
  PRIMARY KEY (`employee_id`),
  KEY `EMPLOYEE_POSITION_ID_POSITION_POSITION_ID` (`position_id`),
  CONSTRAINT `EMPLOYEE_POSITION_ID_POSITION_POSITION_ID` FOREIGN KEY (`position_id`) REFERENCES `position` (`position_id`) ON DELETE SET NULL
) ENGINE=InnoDB AUTO_INCREMENT=22 DEFAULT CHARSET=utf8 COMMENT='Employee';
/*!40101 SET character_set_client = @saved_cs_client */;

--
-- Dumping data for table `employee`
--

LOCK TABLES `employee` WRITE;
/*!40000 ALTER TABLE `employee` DISABLE KEYS */;
INSERT INTO `employee` VALUES (12,'Oleg','Baranenko','1977-07-13',1,20000.000000),(13,'Ira','Zdorova','1989-10-27',2,14000.000000),(14,'Dmutro','Babyak','1988-02-06',4,11000.000000),(15,'Pavlo','Marcheko','1991-06-06',3,7000.000000),(16,'Sergiy','Boyko','1990-03-19',7,9000.000000),(17,'Vasya','Tyhuy','1991-11-13',3,7000.000000),(18,'Viktor','Pancheko','1980-10-15',5,8000.000000),(19,'Iurii','Stepanenko','1991-02-15',3,7000.000000),(20,'Oleksandr','Semenyaka','1990-08-01',3,7000.000000),(21,'Vitaliy','Brovko','1992-03-23',3,7000.000000);
/*!40000 ALTER TABLE `employee` ENABLE KEYS */;
UNLOCK TABLES;

--
-- Table structure for table `position`
--

DROP TABLE IF EXISTS `position`;
/*!40101 SET @saved_cs_client     = @@character_set_client */;
/*!40101 SET character_set_client = utf8 */;
CREATE TABLE `position` (
  `position_id` int(10) unsigned NOT NULL AUTO_INCREMENT COMMENT 'User ID',
  `position` varchar(127) NOT NULL COMMENT 'Position of employee',
  PRIMARY KEY (`position_id`)
) ENGINE=InnoDB AUTO_INCREMENT=8 DEFAULT CHARSET=utf8 COMMENT='Position';
/*!40101 SET character_set_client = @saved_cs_client */;

--
-- Dumping data for table `position`
--

LOCK TABLES `position` WRITE;
/*!40000 ALTER TABLE `position` DISABLE KEYS */;
INSERT INTO `position` VALUES (1,'Director'),(2,'Accountant'),(3,'Driver'),(4,'Electrician'),(5,'Locksmith'),(6,'Turner'),(7,'Mechanic');
/*!40000 ALTER TABLE `position` ENABLE KEYS */;
UNLOCK TABLES;

--
-- Table structure for table `result_profit`
--

DROP TABLE IF EXISTS `result_profit`;
/*!40101 SET @saved_cs_client     = @@character_set_client */;
/*!40101 SET character_set_client = utf8 */;
CREATE TABLE `result_profit` (
  `result_profit_id` int(10) unsigned NOT NULL AUTO_INCREMENT COMMENT 'Result profit ID',
  `date` date NOT NULL COMMENT 'Date worked',
  `employee_id` int(10) unsigned DEFAULT NULL COMMENT 'Employee ID',
  `transport_id` int(10) unsigned DEFAULT NULL COMMENT 'Transport ID',
  `profit` int(11) NOT NULL COMMENT 'Result profit',
  PRIMARY KEY (`result_profit_id`),
  KEY `RESULT_PROFIT_EMPLOYEE_ID_EMPLOYEE_EMPLOYEE_ID` (`employee_id`),
  KEY `RESULT_PROFIT_TRANSPORT_ID_TRANSPORT_TRANSPORT_ID` (`transport_id`),
  CONSTRAINT `RESULT_PROFIT_EMPLOYEE_ID_EMPLOYEE_EMPLOYEE_ID` FOREIGN KEY (`employee_id`) REFERENCES `employee` (`employee_id`) ON DELETE CASCADE,
  CONSTRAINT `RESULT_PROFIT_TRANSPORT_ID_TRANSPORT_TRANSPORT_ID` FOREIGN KEY (`transport_id`) REFERENCES `transport` (`transport_id`) ON DELETE CASCADE
) ENGINE=InnoDB AUTO_INCREMENT=253 DEFAULT CHARSET=utf8 COMMENT='Result profit';
/*!40101 SET character_set_client = @saved_cs_client */;

--
-- Dumping data for table `result_profit`
--

LOCK TABLES `result_profit` WRITE;
/*!40000 ALTER TABLE `result_profit` DISABLE KEYS */;
INSERT INTO `result_profit` VALUES (128,'2017-01-30',15,1,2500),(129,'2017-01-29',17,2,3000),(130,'2017-01-28',19,3,5000),(131,'2017-01-27',20,4,4000),(132,'2017-01-26',21,5,3500),(133,'2017-01-25',15,6,3000),(134,'2017-01-24',17,7,6000),(135,'2017-01-23',19,8,1500),(136,'2017-01-22',20,9,3600),(137,'2017-01-21',21,10,2700),(138,'2017-04-20',15,1,2500),(139,'2017-04-19',17,2,3000),(140,'2017-04-18',19,3,5000),(141,'2017-04-17',20,4,4000),(142,'2017-04-16',21,5,3500),(143,'2017-04-15',15,6,3000),(144,'2017-04-14',17,7,4000),(145,'2017-04-13',19,8,1500),(146,'2017-04-12',20,9,3600),(147,'2017-04-11',21,10,2700),(148,'2017-07-10',15,1,2500),(149,'2017-07-09',17,2,3000),(150,'2017-07-08',19,3,5000),(151,'2017-07-07',20,4,4000),(152,'2017-07-06',21,5,3500),(153,'2017-07-05',15,6,3000),(154,'2017-07-04',17,7,2000),(155,'2017-07-03',19,8,2500),(156,'2017-07-02',20,9,3600),(157,'2017-07-01',21,10,2700),(158,'2017-11-30',15,1,2500),(159,'2017-11-29',17,2,3000),(160,'2017-11-28',19,3,5000),(161,'2017-11-27',20,4,3000),(162,'2017-11-26',21,5,4400),(163,'2017-11-25',15,6,3000),(164,'2017-11-24',17,7,6000),(165,'2017-11-23',19,8,1500),(166,'2017-11-22',20,9,3600),(167,'2017-11-21',21,10,2700),(168,'2018-01-20',15,1,2500),(169,'2018-01-19',17,2,4000),(170,'2018-01-18',19,3,5000),(171,'2018-01-17',20,4,3000),(172,'2018-01-16',21,5,3500),(173,'2018-01-15',15,6,3000),(174,'2018-01-14',17,7,6000),(175,'2018-01-13',19,8,1500),(176,'2018-01-12',20,9,3600),(177,'2018-01-11',21,10,2700),(178,'2018-03-10',15,1,1500),(179,'2018-03-09',17,2,3000),(180,'2018-03-08',19,3,1000),(181,'2018-03-07',20,4,4000),(182,'2018-03-06',21,5,3500),(183,'2018-03-05',15,6,1000),(184,'2018-03-04',17,7,3000),(185,'2018-03-03',19,8,1500),(186,'2018-03-02',20,9,3600),(187,'2018-03-01',21,10,3000),(188,'2018-06-30',15,1,1500),(189,'2018-06-29',17,2,5000),(190,'2018-06-28',19,3,5000),(191,'2018-06-27',20,4,5000),(192,'2018-06-26',21,5,3500),(193,'2018-06-25',15,6,4000),(194,'2018-06-24',17,7,6000),(195,'2018-06-23',19,8,1200),(196,'2018-06-22',20,9,1600),(197,'2018-06-21',21,10,3700),(198,'2018-09-20',15,1,2500),(199,'2018-09-19',17,2,1000),(200,'2018-09-18',19,3,1000),(201,'2018-09-17',20,4,1000),(202,'2018-09-16',21,5,1500),(203,'2018-09-15',15,6,1000),(204,'2018-09-14',17,7,2000),(205,'2018-09-13',19,8,1500),(206,'2018-09-12',20,9,2600),(207,'2018-09-11',21,10,1700),(208,'2019-01-10',15,1,2500),(209,'2019-01-09',17,2,3000),(210,'2019-01-08',19,3,5000),(211,'2019-01-07',20,4,4000),(212,'2019-01-06',21,5,3500),(213,'2019-01-05',15,6,3000),(214,'2019-01-04',17,7,6000),(215,'2019-01-03',19,8,1500),(216,'2019-01-02',20,9,3600),(217,'2019-01-01',21,10,2700),(218,'2019-02-28',15,1,2500),(219,'2019-02-27',17,2,3200),(220,'2019-02-26',19,3,5100),(221,'2019-02-25',20,4,4500),(222,'2019-02-24',21,5,3800),(223,'2019-02-23',15,6,3900),(224,'2019-02-22',17,7,2000),(225,'2019-02-21',19,8,2500),(226,'2019-02-20',20,9,3600),(227,'2019-02-19',21,10,2700),(228,'2019-08-18',15,1,2500),(229,'2019-08-17',17,2,3000),(230,'2019-08-16',19,3,5000),(231,'2019-08-14',20,4,4000),(232,'2019-08-13',21,5,3500),(233,'2019-08-12',15,6,3000),(234,'2019-08-11',17,7,6000),(235,'2019-08-10',19,8,1500),(236,'2019-08-09',20,9,3600),(237,'2019-08-08',21,10,2700),(238,'2019-10-07',15,1,1500),(239,'2019-10-06',17,2,2000),(240,'2019-10-05',19,3,3000),(241,'2019-10-04',20,4,3000),(242,'2019-10-03',21,5,2500),(243,'2019-10-02',15,6,2000),(244,'2019-10-01',17,7,1000),(245,'2019-10-30',19,8,2500),(246,'2019-10-29',20,9,3600),(247,'2019-10-28',21,10,3500),(248,'2019-01-30',15,1,2500),(249,'2019-01-29',17,2,3000),(250,'2019-01-26',19,3,2000),(251,'2019-01-27',19,3,3600),(252,'2019-01-28',19,3,5200);
/*!40000 ALTER TABLE `result_profit` ENABLE KEYS */;
UNLOCK TABLES;

--
-- Table structure for table `salary`
--

DROP TABLE IF EXISTS `salary`;
/*!40101 SET @saved_cs_client     = @@character_set_client */;
/*!40101 SET character_set_client = utf8 */;
CREATE TABLE `salary` (
  `payment_of_salary_id` int(10) unsigned NOT NULL AUTO_INCREMENT COMMENT 'Payment of salary id',
  `date_of_payment` date NOT NULL COMMENT 'Date of Payment',
  `amount_of_payment` decimal(20,6) NOT NULL COMMENT 'Amount of payment',
  `employee_id` int(10) unsigned DEFAULT NULL COMMENT 'Employyed ID',
  `position_id` int(10) unsigned NOT NULL COMMENT 'Poition ID',
  PRIMARY KEY (`payment_of_salary_id`),
  KEY `SALARY_EMPLOYEE_ID_POSITION_POSITION_ID` (`employee_id`),
  KEY `SALARY_POSITION_ID_POSITION_POSITION_ID` (`position_id`),
  CONSTRAINT `SALARY_EMPLOYEE_ID_EMPLOYEE_EMPLOYEE_ID` FOREIGN KEY (`employee_id`) REFERENCES `employee` (`employee_id`) ON DELETE SET NULL,
  CONSTRAINT `SALARY_POSITION_ID_POSITION_POSITION_ID` FOREIGN KEY (`position_id`) REFERENCES `position` (`position_id`) ON DELETE NO ACTION
) ENGINE=InnoDB AUTO_INCREMENT=725 DEFAULT CHARSET=utf8 COMMENT='Salary';
/*!40101 SET character_set_client = @saved_cs_client */;

--
-- Dumping data for table `salary`
--

LOCK TABLES `salary` WRITE;
/*!40000 ALTER TABLE `salary` DISABLE KEYS */;
INSERT INTO `salary` VALUES (604,'2017-01-30',15000.000000,12,1),(605,'2017-01-30',9000.000000,13,2),(606,'2017-01-30',6000.000000,14,4),(607,'2017-01-30',2000.000000,15,3),(608,'2017-01-30',4000.000000,16,7),(609,'2017-01-30',2000.000000,17,3),(610,'2017-01-30',3000.000000,18,5),(611,'2017-01-30',2000.000000,19,3),(612,'2017-01-30',2000.000000,20,3),(613,'2017-01-30',3000.000000,21,3),(614,'2017-04-30',15000.000000,12,1),(615,'2017-04-30',9000.000000,13,2),(616,'2017-04-30',6000.000000,14,4),(617,'2017-04-30',2000.000000,15,3),(618,'2017-04-30',4000.000000,16,7),(619,'2017-04-30',2000.000000,17,3),(620,'2017-04-30',3000.000000,18,5),(621,'2017-04-30',2000.000000,19,3),(622,'2017-04-30',2000.000000,20,3),(623,'2017-04-30',2000.000000,21,3),(624,'2017-07-30',15000.000000,12,1),(625,'2017-07-30',9000.000000,13,2),(626,'2017-07-30',6000.000000,14,4),(627,'2017-07-30',2000.000000,15,3),(628,'2017-07-30',4000.000000,16,7),(629,'2017-07-30',2000.000000,17,3),(630,'2017-07-30',3000.000000,18,5),(631,'2017-07-30',2000.000000,19,3),(632,'2017-07-30',2000.000000,20,3),(633,'2017-07-30',2000.000000,21,3),(634,'2017-11-30',15000.000000,12,1),(635,'2017-11-30',9000.000000,13,2),(636,'2017-11-30',6000.000000,14,4),(637,'2017-11-30',2000.000000,15,3),(638,'2017-11-30',4000.000000,16,7),(639,'2017-11-30',2000.000000,17,3),(640,'2017-11-30',3000.000000,18,5),(641,'2017-11-30',2000.000000,19,3),(642,'2017-11-30',2000.000000,20,3),(643,'2017-11-30',2000.000000,21,3),(644,'2018-01-30',15000.000000,12,1),(645,'2018-01-30',9000.000000,13,2),(646,'2018-01-30',6000.000000,14,4),(647,'2018-01-30',2000.000000,15,3),(648,'2018-01-30',4000.000000,16,7),(649,'2018-01-30',2000.000000,17,3),(650,'2018-01-30',3000.000000,18,5),(651,'2018-01-30',2000.000000,19,3),(652,'2018-01-30',2000.000000,20,3),(653,'2018-01-30',2000.000000,21,3),(654,'2018-03-30',15000.000000,12,1),(655,'2018-03-30',9000.000000,13,2),(656,'2018-03-30',6000.000000,14,4),(657,'2018-03-30',2000.000000,15,3),(658,'2018-03-30',4000.000000,16,7),(659,'2018-03-30',2000.000000,17,3),(660,'2018-03-30',3000.000000,18,5),(661,'2018-03-30',2000.000000,19,3),(662,'2018-03-30',2000.000000,20,3),(663,'2018-03-30',2000.000000,21,3),(664,'2018-06-30',15000.000000,12,1),(665,'2018-06-30',9000.000000,13,2),(666,'2018-06-30',6000.000000,14,4),(667,'2018-06-30',2000.000000,15,3),(668,'2018-06-30',4000.000000,16,7),(669,'2018-06-30',2000.000000,17,3),(670,'2018-06-30',3000.000000,18,5),(671,'2018-06-30',2000.000000,19,3),(672,'2018-06-30',2000.000000,20,3),(673,'2018-06-30',2000.000000,21,3),(674,'2018-09-30',15000.000000,12,1),(675,'2018-09-30',9000.000000,13,2),(676,'2018-09-30',6000.000000,14,4),(677,'2018-09-30',2000.000000,15,3),(678,'2018-09-30',4000.000000,16,7),(679,'2018-09-30',2000.000000,17,3),(680,'2018-09-30',3000.000000,18,5),(681,'2018-09-30',2000.000000,19,3),(682,'2018-09-30',2000.000000,20,3),(683,'2018-09-30',2000.000000,21,3),(684,'2019-01-30',15000.000000,12,1),(685,'2019-01-30',9000.000000,13,2),(686,'2019-01-30',6000.000000,14,4),(687,'2019-01-30',2000.000000,15,3),(688,'2019-01-30',4000.000000,16,7),(689,'2019-01-30',2000.000000,17,3),(690,'2019-01-30',3000.000000,18,5),(691,'2019-01-30',2000.000000,19,3),(692,'2019-01-30',2000.000000,20,3),(693,'2019-01-30',2000.000000,21,3),(694,'2019-05-30',15000.000000,12,1),(695,'2019-05-30',9000.000000,13,2),(696,'2019-05-30',6000.000000,14,4),(697,'2019-05-30',2000.000000,15,3),(698,'2019-05-30',4000.000000,16,7),(699,'2019-05-30',2000.000000,17,3),(700,'2019-05-30',3000.000000,18,5),(701,'2019-05-30',2000.000000,19,3),(702,'2019-05-30',2000.000000,20,3),(703,'2019-05-30',2000.000000,21,3),(704,'2019-08-30',15000.000000,12,1),(705,'2019-08-30',9000.000000,13,2),(706,'2019-08-30',6000.000000,14,4),(707,'2019-08-30',2000.000000,15,3),(708,'2019-08-30',4000.000000,16,7),(709,'2019-08-30',2000.000000,17,3),(710,'2019-08-30',3000.000000,18,5),(711,'2019-08-30',2000.000000,19,3),(712,'2019-08-30',2000.000000,20,3),(713,'2019-08-30',2000.000000,21,3),(714,'2019-11-30',15000.000000,12,1),(715,'2019-11-30',9000.000000,13,2),(716,'2019-11-30',6000.000000,14,4),(717,'2019-11-30',2000.000000,15,3),(718,'2019-11-30',4000.000000,16,7),(719,'2019-11-30',2000.000000,17,3),(720,'2019-11-30',3000.000000,18,5),(721,'2019-11-30',2000.000000,19,3),(722,'2019-11-30',2000.000000,20,3),(723,'2019-11-30',2000.000000,21,3),(724,'2015-02-15',5000.000000,12,1);
/*!40000 ALTER TABLE `salary` ENABLE KEYS */;
UNLOCK TABLES;

--
-- Table structure for table `transport`
--

DROP TABLE IF EXISTS `transport`;
/*!40101 SET @saved_cs_client     = @@character_set_client */;
/*!40101 SET character_set_client = utf8 */;
CREATE TABLE `transport` (
  `transport_id` int(10) unsigned NOT NULL AUTO_INCREMENT COMMENT 'Transport ID',
  `license_plate` varchar(127) NOT NULL COMMENT 'License plates',
  PRIMARY KEY (`transport_id`)
) ENGINE=InnoDB AUTO_INCREMENT=11 DEFAULT CHARSET=utf8 COMMENT='License plates';
/*!40101 SET character_set_client = @saved_cs_client */;

--
-- Dumping data for table `transport`
--

LOCK TABLES `transport` WRITE;
/*!40000 ALTER TABLE `transport` DISABLE KEYS */;
INSERT INTO `transport` VALUES (1,'СА 5598 СА'),(2,'СА 8585 СН'),(3,'СН 1352 СА'),(4,'СА 9647 ІІ'),(5,'СА 8963 ХК'),(6,'СА 1125 СС'),(7,'СН 5478 СН'),(8,'СА 0259 СК'),(9,'СА 4537 СН'),(10,'СА 7777 СА');
/*!40000 ALTER TABLE `transport` ENABLE KEYS */;
UNLOCK TABLES;
/*!40103 SET TIME_ZONE=@OLD_TIME_ZONE */;

/*!40101 SET SQL_MODE=@OLD_SQL_MODE */;
/*!40014 SET FOREIGN_KEY_CHECKS=@OLD_FOREIGN_KEY_CHECKS */;
/*!40014 SET UNIQUE_CHECKS=@OLD_UNIQUE_CHECKS */;
/*!40101 SET CHARACTER_SET_CLIENT=@OLD_CHARACTER_SET_CLIENT */;
/*!40101 SET CHARACTER_SET_RESULTS=@OLD_CHARACTER_SET_RESULTS */;
/*!40101 SET COLLATION_CONNECTION=@OLD_COLLATION_CONNECTION */;
/*!40111 SET SQL_NOTES=@OLD_SQL_NOTES */;

-- Dump completed on 2019-12-04 23:07:45
