-- MySQL dump 10.13  Distrib 5.7.28, for Linux (x86_64)
--
-- Host: 127.0.0.1    Database: CherkasyElektroTrans
-- ------------------------------------------------------
-- Server version	5.7.27

/*!40101 SET @OLD_CHARACTER_SET_CLIENT=@@CHARACTER_SET_CLIENT */;
/*!40101 SET @OLD_CHARACTER_SET_RESULTS=@@CHARACTER_SET_RESULTS */;
/*!40101 SET @OLD_COLLATION_CONNECTION=@@COLLATION_CONNECTION */;
/*!40101 SET NAMES utf8 */;
/*!40103 SET @OLD_TIME_ZONE=@@TIME_ZONE */;
/*!40103 SET TIME_ZONE='+00:00' */;
/*!40014 SET @OLD_UNIQUE_CHECKS=@@UNIQUE_CHECKS, UNIQUE_CHECKS=0 */;
/*!40014 SET @OLD_FOREIGN_KEY_CHECKS=@@FOREIGN_KEY_CHECKS, FOREIGN_KEY_CHECKS=0 */;
/*!40101 SET @OLD_SQL_MODE=@@SQL_MODE, SQL_MODE='NO_AUTO_VALUE_ON_ZERO' */;
/*!40111 SET @OLD_SQL_NOTES=@@SQL_NOTES, SQL_NOTES=0 */;

--
-- Table structure for table `employee`
--

DROP TABLE IF EXISTS `employee`;
/*!40101 SET @saved_cs_client     = @@character_set_client */;
/*!40101 SET character_set_client = utf8 */;
CREATE TABLE `employee` (
  `employee_id` int(10) unsigned NOT NULL AUTO_INCREMENT COMMENT 'User ID',
  `employee_name` varchar(127) NOT NULL COMMENT 'Employee name',
  `dob` date DEFAULT NULL COMMENT 'Date of Birth',
  `position_id` int(10) unsigned DEFAULT NULL COMMENT 'Position of employee',
  `position` varchar(127) DEFAULT NULL COMMENT 'Position of employee',
  `current_salary` decimal(20,6) NOT NULL COMMENT 'Current salary',
  PRIMARY KEY (`employee_id`),
  KEY `EMPLOYEE_POSITION_ID_POSITION_POSITION_ID` (`position_id`),
  CONSTRAINT `EMPLOYEE_POSITION_ID_POSITION_POSITION_ID` FOREIGN KEY (`position_id`) REFERENCES `position` (`position_id`) ON DELETE SET NULL
) ENGINE=InnoDB AUTO_INCREMENT=22 DEFAULT CHARSET=utf8 COMMENT='Employee';
/*!40101 SET character_set_client = @saved_cs_client */;

--
-- Dumping data for table `employee`
--

LOCK TABLES `employee` WRITE;
/*!40000 ALTER TABLE `employee` DISABLE KEYS */;
INSERT INTO `employee` VALUES (12,'Baranenko Oleg','1977-07-13',1,'Director',20000.000000),(13,'Ira Zdorova','1989-10-27',2,'Accountant',14000.000000),(14,'Dmutro Babyak','1988-02-06',4,'Electrician',11000.000000),(15,'Pavlo Marcheko','1991-06-06',3,'Driver',7000.000000),(16,'Sergiy Boyko','1990-03-19',7,'Mechanic',9000.000000),(17,'Vasya Tyhuy','1991-11-13',3,'Driver',7000.000000),(18,'Viktor Pancheko','1980-10-15',5,'Locksmith',8000.000000),(19,'Iurii Stepanenko','1991-02-15',3,'Driver',7000.000000),(20,'Oleksandr Semenyaka','1990-08-01',3,'Driver',7000.000000),(21,'Vitaliy Brovko','1992-03-23',3,'Driver',7000.000000);
/*!40000 ALTER TABLE `employee` ENABLE KEYS */;
UNLOCK TABLES;

--
-- Table structure for table `position`
--

DROP TABLE IF EXISTS `position`;
/*!40101 SET @saved_cs_client     = @@character_set_client */;
/*!40101 SET character_set_client = utf8 */;
CREATE TABLE `position` (
  `position_id` int(10) unsigned NOT NULL AUTO_INCREMENT COMMENT 'User ID',
  `position` varchar(127) NOT NULL COMMENT 'Position of employee',
  PRIMARY KEY (`position_id`)
) ENGINE=InnoDB AUTO_INCREMENT=8 DEFAULT CHARSET=utf8 COMMENT='Position';
/*!40101 SET character_set_client = @saved_cs_client */;

--
-- Dumping data for table `position`
--

LOCK TABLES `position` WRITE;
/*!40000 ALTER TABLE `position` DISABLE KEYS */;
INSERT INTO `position` VALUES (1,'Director'),(2,'Accountant'),(3,'Driver'),(4,'Electrician'),(5,'Locksmith'),(6,'Turner'),(7,'Mechanic');
/*!40000 ALTER TABLE `position` ENABLE KEYS */;
UNLOCK TABLES;

--
-- Table structure for table `result_profit`
--

DROP TABLE IF EXISTS `result_profit`;
/*!40101 SET @saved_cs_client     = @@character_set_client */;
/*!40101 SET character_set_client = utf8 */;
CREATE TABLE `result_profit` (
  `result_profit_id` int(10) unsigned NOT NULL AUTO_INCREMENT COMMENT 'Result profit ID',
  `date` date NOT NULL COMMENT 'Date worked',
  `employee_id` int(10) unsigned DEFAULT NULL COMMENT 'Employee ID',
  `transport_id` int(10) unsigned DEFAULT NULL COMMENT 'Transport ID',
  `profit` int(11) NOT NULL COMMENT 'Result profit',
  PRIMARY KEY (`result_profit_id`),
  KEY `RESULT_PROFIT_EMPLOYEE_ID_EMPLOYEE_EMPLOYEE_ID` (`employee_id`),
  KEY `RESULT_PROFIT_TRANSPORT_ID_TRANSPORT_TRANSPORT_ID` (`transport_id`),
  CONSTRAINT `RESULT_PROFIT_EMPLOYEE_ID_EMPLOYEE_EMPLOYEE_ID` FOREIGN KEY (`employee_id`) REFERENCES `employee` (`employee_id`) ON DELETE SET NULL,
  CONSTRAINT `RESULT_PROFIT_TRANSPORT_ID_TRANSPORT_TRANSPORT_ID` FOREIGN KEY (`transport_id`) REFERENCES `transport` (`transport_id`) ON DELETE SET NULL
) ENGINE=InnoDB AUTO_INCREMENT=5 DEFAULT CHARSET=utf8 COMMENT='Result profit';
/*!40101 SET character_set_client = @saved_cs_client */;

--
-- Dumping data for table `result_profit`
--

LOCK TABLES `result_profit` WRITE;
/*!40000 ALTER TABLE `result_profit` DISABLE KEYS */;
INSERT INTO `result_profit` VALUES (4,'2019-07-15',NULL,NULL,5000);
/*!40000 ALTER TABLE `result_profit` ENABLE KEYS */;
UNLOCK TABLES;

--
-- Table structure for table `salary`
--

DROP TABLE IF EXISTS `salary`;
/*!40101 SET @saved_cs_client     = @@character_set_client */;
/*!40101 SET character_set_client = utf8 */;
CREATE TABLE `salary` (
  `payment_of_salary_id` int(10) unsigned NOT NULL AUTO_INCREMENT COMMENT 'Payment of salary id',
  `date_of_payment` date NOT NULL COMMENT 'Date of Payment',
  `amount_of_payment` decimal(20,6) NOT NULL COMMENT 'Amount of payment',
  `employee_id` int(10) unsigned DEFAULT NULL COMMENT 'Employyed ID',
  PRIMARY KEY (`payment_of_salary_id`),
  KEY `SALARY_EMPLOYEE_ID_EMPLOYEE_EMPLOYEE_ID` (`employee_id`),
  CONSTRAINT `SALARY_EMPLOYEE_ID_EMPLOYEE_EMPLOYEE_ID` FOREIGN KEY (`employee_id`) REFERENCES `employee` (`employee_id`) ON DELETE SET NULL
) ENGINE=InnoDB AUTO_INCREMENT=244 DEFAULT CHARSET=utf8 COMMENT='Salary';
/*!40101 SET character_set_client = @saved_cs_client */;

--
-- Dumping data for table `salary`
--

LOCK TABLES `salary` WRITE;
/*!40000 ALTER TABLE `salary` DISABLE KEYS */;
INSERT INTO `salary` VALUES (121,'2017-01-30',15000.000000,NULL),(122,'2017-01-30',9000.000000,NULL),(123,'2017-01-30',6000.000000,NULL),(124,'2017-01-30',2000.000000,NULL),(125,'2017-01-30',4000.000000,NULL),(126,'2017-01-30',2000.000000,NULL),(127,'2017-01-30',3000.000000,NULL),(128,'2017-01-30',2000.000000,NULL),(129,'2017-01-30',2000.000000,NULL),(130,'2017-01-30',2000.000000,NULL),(131,'2017-04-30',15000.000000,NULL),(132,'2017-04-30',9000.000000,NULL),(133,'2017-04-30',6000.000000,NULL),(134,'2017-04-30',2000.000000,NULL),(135,'2017-04-30',4000.000000,NULL),(136,'2017-04-30',2000.000000,NULL),(137,'2017-04-30',3000.000000,NULL),(138,'2017-04-30',2000.000000,NULL),(139,'2017-04-30',2000.000000,NULL),(140,'2017-04-30',2000.000000,NULL),(141,'2017-07-30',15000.000000,NULL),(142,'2017-07-30',9000.000000,NULL),(143,'2017-07-30',6000.000000,NULL),(144,'2017-07-30',2000.000000,NULL),(145,'2017-07-30',4000.000000,NULL),(146,'2017-07-30',2000.000000,NULL),(147,'2017-07-30',3000.000000,NULL),(148,'2017-07-30',2000.000000,NULL),(149,'2017-07-30',2000.000000,NULL),(150,'2017-07-30',2000.000000,NULL),(151,'2017-12-30',15000.000000,NULL),(152,'2017-12-30',9000.000000,NULL),(153,'2017-12-30',6000.000000,NULL),(154,'2017-12-30',2000.000000,NULL),(155,'2017-12-30',4000.000000,NULL),(156,'2017-12-30',2000.000000,NULL),(157,'2017-12-30',3000.000000,NULL),(158,'2017-12-30',2000.000000,NULL),(159,'2017-12-30',2000.000000,NULL),(160,'2017-12-30',2000.000000,NULL),(161,'2018-01-30',18000.000000,NULL),(162,'2018-01-30',12000.000000,NULL),(163,'2018-01-30',9000.000000,NULL),(164,'2018-01-30',5000.000000,NULL),(165,'2018-01-30',7000.000000,NULL),(166,'2018-01-30',5000.000000,NULL),(167,'2018-01-30',6000.000000,NULL),(168,'2018-01-30',5000.000000,NULL),(169,'2018-01-30',5000.000000,NULL),(170,'2018-01-30',5000.000000,NULL),(171,'2018-03-30',18000.000000,NULL),(172,'2018-03-30',1200.000000,NULL),(173,'2018-03-30',9000.000000,NULL),(174,'2018-03-30',5000.000000,NULL),(175,'2018-03-30',7000.000000,NULL),(176,'2018-03-30',5000.000000,NULL),(177,'2018-03-30',6000.000000,NULL),(178,'2018-03-30',5000.000000,NULL),(179,'2018-03-30',5000.000000,NULL),(180,'2018-03-30',5000.000000,NULL),(181,'2018-06-30',18000.000000,NULL),(182,'2018-06-30',1200.000000,NULL),(183,'2018-06-30',9000.000000,NULL),(184,'2018-06-30',5000.000000,NULL),(185,'2018-06-30',7000.000000,NULL),(186,'2018-06-30',5000.000000,NULL),(187,'2018-06-30',6000.000000,NULL),(188,'2018-06-30',5000.000000,NULL),(189,'2018-06-30',5000.000000,NULL),(190,'2018-06-30',5000.000000,NULL),(191,'2018-09-30',18000.000000,NULL),(192,'2018-09-30',12000.000000,NULL),(193,'2018-09-30',9000.000000,NULL),(194,'2018-09-30',5000.000000,NULL),(195,'2018-09-30',7000.000000,NULL),(196,'2018-09-30',5000.000000,NULL),(197,'2018-09-30',6000.000000,NULL),(198,'2018-09-30',5000.000000,NULL),(199,'2018-09-30',5000.000000,NULL),(200,'2018-09-30',5000.000000,NULL),(201,'2019-01-30',20000.000000,NULL),(202,'2019-01-30',14000.000000,NULL),(203,'2019-01-30',11000.000000,NULL),(204,'2019-01-30',7000.000000,NULL),(205,'2019-01-30',9000.000000,NULL),(206,'2019-01-30',7000.000000,NULL),(207,'2019-01-30',8000.000000,NULL),(208,'2019-01-30',7000.000000,NULL),(209,'2019-01-30',7000.000000,NULL),(210,'2019-01-30',7000.000000,NULL),(211,'2019-05-30',20000.000000,NULL),(212,'2019-05-30',14000.000000,NULL),(213,'2019-05-30',11000.000000,NULL),(214,'2019-05-30',7000.000000,NULL),(215,'2019-05-30',9000.000000,NULL),(216,'2019-05-30',7000.000000,NULL),(217,'2019-05-30',8000.000000,NULL),(218,'2019-05-30',7000.000000,NULL),(219,'2019-05-30',7000.000000,NULL),(220,'2019-05-30',7000.000000,NULL),(221,'2019-08-30',20000.000000,NULL),(222,'2019-08-30',14000.000000,NULL),(223,'2019-08-30',11000.000000,NULL),(224,'2019-08-30',7000.000000,NULL),(225,'2019-08-30',9000.000000,NULL),(226,'2019-08-30',7000.000000,NULL),(227,'2019-08-30',8000.000000,NULL),(228,'2019-08-30',7000.000000,NULL),(229,'2019-08-30',7000.000000,NULL),(230,'2019-08-30',7000.000000,NULL),(231,'2019-11-30',20000.000000,NULL),(232,'2019-11-30',14000.000000,NULL),(233,'2019-11-30',11000.000000,NULL),(234,'2019-11-30',7000.000000,NULL),(235,'2019-11-30',9000.000000,NULL),(236,'2019-11-30',7000.000000,NULL),(237,'2019-11-30',8000.000000,NULL),(238,'2019-11-30',7000.000000,NULL),(239,'2019-11-30',7000.000000,NULL),(240,'2019-11-30',7000.000000,NULL);
/*!40000 ALTER TABLE `salary` ENABLE KEYS */;
UNLOCK TABLES;

--
-- Table structure for table `transport`
--

DROP TABLE IF EXISTS `transport`;
/*!40101 SET @saved_cs_client     = @@character_set_client */;
/*!40101 SET character_set_client = utf8 */;
CREATE TABLE `transport` (
  `transport_id` int(10) unsigned NOT NULL AUTO_INCREMENT COMMENT 'Transport ID',
  `license_plate` varchar(127) NOT NULL COMMENT 'License plates',
  PRIMARY KEY (`transport_id`)
) ENGINE=InnoDB AUTO_INCREMENT=11 DEFAULT CHARSET=utf8 COMMENT='License plates';
/*!40101 SET character_set_client = @saved_cs_client */;

--
-- Dumping data for table `transport`
--

LOCK TABLES `transport` WRITE;
/*!40000 ALTER TABLE `transport` DISABLE KEYS */;
INSERT INTO `transport` VALUES (1,'СА 5598 СА'),(2,'СА 8585 СН'),(3,'СН 1352 СА'),(4,'СА 9647 ІІ'),(5,'СА 8963 ХК'),(6,'СА 1125 СС'),(7,'СН 5478 СН'),(8,'СА 0259 СК'),(9,'СА 4537 СН'),(10,'СА 7777 СА');
/*!40000 ALTER TABLE `transport` ENABLE KEYS */;
UNLOCK TABLES;
/*!40103 SET TIME_ZONE=@OLD_TIME_ZONE */;

/*!40101 SET SQL_MODE=@OLD_SQL_MODE */;
/*!40014 SET FOREIGN_KEY_CHECKS=@OLD_FOREIGN_KEY_CHECKS */;
/*!40014 SET UNIQUE_CHECKS=@OLD_UNIQUE_CHECKS */;
/*!40101 SET CHARACTER_SET_CLIENT=@OLD_CHARACTER_SET_CLIENT */;
/*!40101 SET CHARACTER_SET_RESULTS=@OLD_CHARACTER_SET_RESULTS */;
/*!40101 SET COLLATION_CONNECTION=@OLD_COLLATION_CONNECTION */;
/*!40111 SET SQL_NOTES=@OLD_SQL_NOTES */;

-- Dump completed on 2019-11-30 20:45:10
